{
  "product": "Summit Awards Config",
  "type": "summit_awards_config",
  "awards":


[
  {
    "id": "summit_restaurant_award",
    "name": "The Summit Restaurant Award",
    "program_family": "Summit Awards Sponsorship",
    "general_category": "Restaurant / F&B",
    "industry_locked": true,
    "eligible_business_types": [
      "Restaurant",
      "Restaurant - Contemporary American",
      "Restaurant - Casual Dining",
      "Fast Casual",
      "Fast Food"
    ],
    "open_to_all": false,
    "notes": "Best for restaurant and F&B brands.",
    "price": 3950,
    "description": "The Summit Restaurant Award – fast food, fast casual, casual dining, fine dining, family style, buffet, cafés, bistros, diners, food trucks and pop-up restaurants."
  },
  {
    "id": "summit_nightlife_award",
    "name": "The Summit Nightlife Award",
    "program_family": "Summit Awards Sponsorship",
    "general_category": "Nightlife / Bars & Clubs",
    "industry_locked": true,
    "eligible_business_types": [
      "Nightclub / Bar / Pub",
      "Live Music Venue"
    ],
    "open_to_all": false,
    "notes": "For nightlife, bars, clubs, late-night venues.",
    "price": 3950,
    "description": "The Summit Nightlife Award – nightclubs, bars, pubs, lounges, live music venues, comedy clubs, dance clubs, sports bars, rooftop bars, karaoke bars, adult entertainment venues, wine bars, speakeasies, cocktail lounges and dive bars."
  },
  {
    "id": "summit_attractions_award",
    "name": "The Summit Attractions Award",
    "program_family": "Summit Awards Sponsorship",
    "general_category": "Attractions & Entertainment",
    "industry_locked": true,
    "eligible_business_types": [
      "Attraction / Museum / Tour",
      "Theatre / Show / Experience"
    ],
    "open_to_all": false,
    "notes": "Best for attractions, tours, entertainment experiences.",
    "price": 2950,
    "description": "The Summit Attractions Award – theatres, entertainment, museums, boat tours, natural, man-made, cultural, historical and novelty attractions, theme parks, zoos, aquariums, casinos, landmarks, parks, art galleries, festivals, sporting events and pop-ups."
  },
  {
    "id": "summit_hotel_award",
    "name": "The Summit Hotel Award",
    "program_family": "Summit Awards Sponsorship",
    "general_category": "Hotel / Lodging",
    "industry_locked": true,
    "eligible_business_types": [
      "Hotel",
      "Resort",
      "Extended Stay"
    ],
    "open_to_all": false,
    "notes": "For hotels, resorts and lodging brands.",
    "price": 3950,
    "description": "The Summit Hotel Award – hotel and lodging brands that want to support and be visible to the Chicago hospitality and tourism community."
  },
  {
    "id": "summit_concierge_award",
    "name": "The Summit Concierge Award",
    "program_family": "Summit Awards Sponsorship",
    "general_category": "Concierge / Guest Services",
    "industry_locked": true,
    "eligible_business_types": [
      "Hotel",
      "Hospitality Services",
      "Corporate Concierge"
    ],
    "open_to_all": false,
    "notes": "For concierge & guest service oriented brands.",
    "price": 3950,
    "description": "The Summit Concierge Award – hotel, corporate and residential concierges and hotel guest services personnel."
  },
  {
    "id": "summit_planner_award",
    "name": "The Summit Planner Award",
    "program_family": "Summit Awards Sponsorship",
    "general_category": "Event Planners / MICE",
    "industry_locked": true,
    "eligible_business_types": [
      "Event Planner",
      "DMC / Meeting Planner"
    ],
    "open_to_all": false,
    "notes": "For corporate meeting and event planners.",
    "price": 3950,
    "description": "The Summit Planner Award – corporate meeting & event planners, wedding planners, birthday planners, association planners, fundraising planners, gala planners, family reunion planners and virtual event planners."
  },
  {
    "id": "summit_venue_award",
    "name": "The Summit Venue Award",
    "program_family": "Summit Awards Sponsorship",
    "general_category": "Event Venues / Convention Centers",
    "industry_locked": true,
    "eligible_business_types": [
      "Event Venue",
      "Convention Center",
      "Hotel Venue"
    ],
    "open_to_all": false,
    "notes": "For venues that host conferences and events.",
    "price": 3950,
    "description": "The Summit Venue Award – conference, convention and event venues, museums, clubs, concert venues, banquet halls, sports venues, stadiums, restaurant event spaces, parks and coworking spaces."
  },
  {
    "id": "summit_event_services_award",
    "name": "The Summit Event Services Award",
    "program_family": "Summit Awards Sponsorship",
    "general_category": "Event Services / Vendors",
    "industry_locked": true,
    "eligible_business_types": [
      "AV / Production",
      "Event Decor / Rentals",
      "Catering / F&B Vendor"
    ],
    "open_to_all": false,
    "notes": "For AV, production and other event service providers.",
    "price": 2950,
    "description": "The Summit Event Services Award – AV companies, caterers, floral designers, rental companies, security services, transportation services, entertainment providers, staging and lighting companies."
  },
  {
    "id": "summit_dmo_award",
    "name": "The Summit Destination Marketing Organizations & Associations Award",
    "program_family": "Summit Awards Sponsorship",
    "general_category": "DMO / Tourism Board / Association",
    "industry_locked": true,
    "eligible_business_types": [
      "CVB / Tourism Board",
      "Industry Association"
    ],
    "open_to_all": false,
    "notes": "Best for DMOs, CVBs and hospitality associations.",
    "price": 2950,
    "description": "The Summit Destination Marketing Organizations & Associations Award – neighborhood associations, local, regional, national and international DMOs, trade associations, convention bureaus and tourism boards."
  },
  {
    "id": "summit_distributors_award",
    "name": "The Summit Industry Distributors & Services Award",
    "program_family": "Summit Awards Sponsorship",
    "general_category": "Industry Distributors & B2B Services",
    "industry_locked": true,
    "eligible_business_types": [
      "Food & Beverage Distributor",
      "Linen / Laundry Services",
      "B2B Service Provider"
    ],
    "open_to_all": false,
    "notes": "For distributors and B2B service providers in the industry.",
    "price": 2950,
    "description": "The Summit Industry Distributors & Services Award – beverage, janitorial, equipment, wholesale and specialty item distributors, promotional item and linen suppliers, technology and software providers."
  },
  {
    "id": "summit_creators_award",
    "name": "The Summit Social Media Influencers & Creators Award",
    "program_family": "Summit Awards Sponsorship",
    "general_category": "Creators / Influencer Marketing",
    "industry_locked": false,
    "eligible_business_types": [],
    "open_to_all": true,
    "notes": "Open to any business that leans on influencers and creators.",
    "price": 3950,
    "description": "The Summit Social Media Influencers & Creators Award – bloggers, vloggers, streamers, podcasters, visual artists, influencers, photographers and other content creators."
  },
  {
    "id": "summit_shopping_award",
    "name": "The Summit Shopping Award",
    "program_family": "Summit Awards Sponsorship",
    "general_category": "Retail / Shopping / Malls",
    "industry_locked": true,
    "eligible_business_types": [
      "Shopping Mall / Outlet",
      "Retail Store / Brand",
      "Shopping District"
    ],
    "open_to_all": false,
    "notes": "For malls, retail brands and shopping destinations.",
    "price": 2950,
    "description": "The Summit Shopping Award – malls, shops, retail pop-ups, souvenir shops, farmers markets, cultural shops, specialty food shops, outlet malls and boutique stores."
  }
]
}