{
  "name": "Digital Advertisement",
  "price_options": [
    {
      "name": "Digital ads",
      "price_usd": 350,
      "notes": "For 7 different size ads, Includes up to 2 changes"
    }
  ],
  "discount_policy": {
    "rules": [
      "For clients who have become accustomed to free creative, we can give them the next batch for free, and begin to charge from there."
    ],
    "stacking_allowed": false
  },
  "sales_strategy": "Add creative to PandaDocs when ordering digital campaigns or social media placements.",
  "product_description": "Capture attention where it matters—on social media. Our digital ad creative service delivers high-impact visuals and copy tailored for TikTok, Instagram, and other platforms, optimized to showcase your hospitality business and drive engagement. Each package includes design for seven ad sizes and up to two rounds of revisions, ensuring your campaign looks sharp and performs effectively across digital channels."
}