{
  "name": "Summit — Branding",
  "category": "industry relationship",
  "billing_period": "one_time",

  "price_options": [
    {
      "name": "Branding Opportunity: Full Page Ad In Program",
      "price_usd": 950,
      "notes": ""
    },
    {
      "name": "Branding Opportunity: Half Page Ad In Program",
      "price_usd": 595,
      "notes": ""
    },
    {
      "name": "Branding Opportunity: Billboard Ad On Trade Show Floor TVs",
      "price_usd": 1250,
      "notes": ""
    },
    {
      "name": "Branding Opportunity: Video Commercial At Trade Show",
      "price_usd": 1200,
      "notes": ""
    },
    {
      "name": "Branding Opportunity: Brand Dominance Package",
      "price_usd": 4950,
      "notes": ""
    },
    {
      "name": "Branding Opportunity: Wifi Sponsorship",
      "price_usd": 1500,
      "notes": ""
    },
    {
      "name": "Branding Opportunity: Recharging Station Sponsorship",
      "price_usd": 6500,
      "notes": ""
    },
    {
      "name": "Branding Opportunity: Custom Email To Registrants",
      "price_usd": 1250,
      "notes": ""
    }
  ],

  "discount_policy":null,
  "sales_strategy": "",
  "product_description": "General Description"
}
