{
  "name": "Chicago Does Interactive Map",
  "price_options": [
    {
      "name": "Picture listing",
      "price_usd": {
        "1X": 1550,
        "2X": 1511,
        "3X": 1473,
        "Auto Renewal Quarterly": 1288
      }
    },
    {
      "name": "1/4 panel",
      "price_usd": {
        "1X": 3425,
        "2X": 3339,
        "3X": 3254,
        "Auto Renewal Quarterly": 2847
      }
    },
    {
      "name": "1/2 panel",
      "price_usd": {
        "1X": 6000,
        "2X": 5850,
        "3X": 5700,
        "Auto Renewal Quarterly": 4988
      }
    },
    {
      "name": "Panel",
      "price_usd": {
        "1X": 10820,
        "2X": 10550,
        "3X": 10279,
        "Auto Renewal Quarterly": 8994
      }
    },
    {
      "name": "Premium - Back Cover",
      "price_usd": {
        "1X": 17000,
        "2X": 16575,
        "3X": 16150,
        "Auto Renewal Quarterly": 14131
      }
    }
  ],
  "discount_policy": {
    "rules": [
      "Highlight discounts baked into ratecard through frequency. They can save 17% off of 1x rate if they sign auto renew",
      "They can save 10% by prepaying for the entire year (we could give them 10% off on any ads that they prepay for if they",
      "Use trade as a tool to close if the trade is usable to Ateema. You can use up to 5% of the total program in trade. Must be collected before the first ad runs.",
      "Seasonal businesses - sell picture listings in the offseason to keep their prices down but maintain a presence in both",
      "BASEMENT PRICING: For 1 ad - give them 2x rate, For 2 ads - give them 3x rate, For 3 ads - give them Auto-renew rate, For Auto-renew - give extra 2.5% off.",
      "NO DISCOUNTS BEYOND $895 ON CHICAGO DOES VIDEOS!"
    ],
    "stacking_allowed": false
  },
  "sales_strategy": "Only Chicago visitor tool in hotels, multi-touch, multi-media, fairly priced, puts client in front of visitors and hotel staffs, and gives visitors all the information they need to choose our clients"
}