{
  "name": "Creative",
  "price_options": [
    {
      "name": "Map ad",
      "price_usd": 200,
      "notes": "Includes up to 2 changes, contact Argen for fulfillment"
    },
    {
      "name": "Digital ads",
      "price_usd": 350,
      "notes": "For 7 different size ads, Includes up to 2 changes"
    }
  ],
  "discount_policy": {
    "rules": [
      "For clients who have become accustomed to free creative, we can give them the next batch for free, and begin to charge from there."
    ],
    "stacking_allowed": false
  },
  "sales_strategy": "Add creative to PandaDocs when ordering digital or CDMaps."
}